ถ้าไม่กินข้าวจะผอมเป็นไม่เหมือนพี่นะ,Bullying
ดูคนนั้นสิ ไม่ชอบกินผักเลยอ้วนหน้าเกลียดเหมือนหมูเลย,Bullying
กูที่เห็นคอมเมนท์?โง่ๆแบบนี้,Bullying
สิ่งที่เป็นภาระคือพวกมึง,Bullying
ถ้าสมองมีแค่นี้ก็ก็ออกไปทำอย่างอื่นเถอะ,Bullying
เว็บแม่งอย่างกาก,Bullying
ตอบคำถามได้ควายจัง อนาคตเด็กต้องมาเจอระบบแบบพวกมึงคิดเนี่ยนะ,Bullying
เกิดมาทำไม อีควาย,Bullying
ตกใจหมด ไอหน้าผี,Bullying
อีช้างน้ำ ก้าวทีแผ่นดินสะเทือนหมด,Bullying
อ้วนๆอย่างนี้สงสัยกินผัวเป็นอาหารเช้า,Bullying
น้องๆ ขอฟักทองหน่อยเพื่อนพี่เค้าชอบ,Bullying
แต่งตัวเหมือนเขมรเลย,Bullying
ทุเรศว่ะ ไอขอทาน,Bullying
จะอ้วก หน้าเหมือนหมา,Bullying
ฟิวเตอร์ก็ลอยแถมยังแลบลิ้น,Bullying
หุ่นเหมือนกรรมกรแบกปูนดีตรงไหนวะ,Bullying
สวยสะพรึงมาก,Bullying
สงสารหุ่นที่ต้องมาอยู่บนใบหน้าแบบคนอย่างหล่อน,Bullying
ดำขึ้นหรือเปล่า ,Bullying
หน้าดูหมอง ๆ นะ ,Bullying
ไปทำอะไรมาโทรมจัง,Bullying
แต่งหน้าแบบนี้จะไปเล่นงิ้วที่ไหน ,Bullying
ลด ๆ ได้แล้วมั้ง อ้วนใหญ่แล้วนะ,Bullying
อ้วนขึ้นปะเนี่ย ,Bullying
ตัวบวม ๆ นะช่วงนี้,Bullying
ตัวขนาดนี้ สงสารกระดุมเสื้อบ้าง,Bullying
ผอมเป็นไม้เสียบผีแล้วเนี่ย กินข้าวบ้างนะ,Bullying
บำรุงหน้าบ้างก็ดีนะคะ,Bullying
แต่งตัวอะไรเนี่ย ทำไมกล้าออกจากบ้าน ,Bullying
ใส่เสื้อตัวนี้อีกแล้ว มีเสื้อตัวเดียวเหรอ ,Bullying
นมก็ไม่มี ว้ายๆ,Bullying
อีบ้านนอกเอ๋อ,Bullying
เด็กอีสานโคตรจน,Bullying
แต่งหน้าโคตรเข้ม เหมือนกระเทยไปวันๆ,Bullying
อีเต่ากะเทยเเก่,Bullying
ทำไมแต่ละคนเวลาพูดออกพยายามบีบเสียงให้ดัดจริต,Bullying
กลับไปไหว้วัวไหว้ควายซะ ไอ้โง่,Bullying
มั่นหน้าเกิน กลับไปส่องกระจกซะไป,Bullying
อุบาทว์,Bullying
นางหิวแสง จะให้แสงนางทำไม อุบาทว์ๆแบบนี้ปล่อยให้อยู่ในโลกของมันคนเดียวไปเถอะค่ะ,Bullying
นี่ฟันหรือสันกำแพง,Bullying
สงสารคนที่เขาใช้ชีวิตอยู่รอบๆตัวมันนะ สกปรกชิบหาย,Bullying
อีดอก สยองมาก,Bullying
อีดอก สภาพแบบนี้ส่งเข้าโรงบาลบ้าด่วนค่ะ,Bullying
กูไม่รู้จะอธิบายความหลอนแบบมึงยังไงดีจะบ้าตายรายวัน,Bullying
ชั้นกลัวนางมาก เจอแล้วรีบเลื่อนหนี,Bullying
เปรตยังดูสะอาดกว่านาง,Bullying
โอยย น่ากลัวอ่า ถ้าเห็นนี่วิ่งแล้วนะ ,Bullying
นี่ขนาดใช้อ่ะ สภาพหนังหน้ายังขนาดนี้ ทุเรศอ่ะ,Bullying
สวยเหมือนผีเปรต 7 วัดเลยคะ,Bullying
หนังหน้าอย่างกับอ่างล้างตีน ดูเคลอะและสกปรกมาก,Bullying
สวยสะพรึงเอาอะไรดูหรอ,Bullying
ความสวยคงที่? ความควายยังคงทน?,Bullying
สภาพอีลิง,Bullying
สวยสะพรั่งหรือสะพรึงคะอีปอบ,Bullying
อายุ 17 แต่หน้า 40,Bullying
นี่คือสวยแล้วเหรอ,Bullying
พัฒนาเร็วมากจากเด็ก17กลายเป็นป้า71ภายในพริบตา,Bullying
เอาเหี้ยไรมาสวยอีเด็กตอแหล,Bullying
ผีปอบยังสวยกว่า,Bullying
สวยขึ้นเป็นกองเลยผีกองกอยอ่ะ,Bullying
แก่แดดดีชอบ,Bullying
สวยสะพรึงมากเลยค่ะ,Bullying
สถุน ถ่อย น้ำไม่อาบ ผมไม่สระ ฟันไม่แปรง กลิ่นตัวเป็นลิเชด(น้ำขยะเปียก),Bullying
หน้าลิงค่ะ,Bullying
อย่ามั่นมาก พักก่อนกูจะอ้วก,Bullying
สวยสะพรั่งหรือสะพรึง,Bullying
อย่านั่งนาน เดี๋ยวสีตก,Bullying
หน้าเหมือนเหี้ยมากเลย,Bullying
เหม็นแบ๊ว ทุเรศ,Bullying
รูปหน้าเธอเข้ารูปดีนะ ทรงเดียวกับเท้าฉันเลย,Bullying
อีดอกหน้าเหมือนผี ,Bullying
ประทานโทษนะ จมูกหรือที่ดูดฝุ่น,Bullying
ปากกับจมูกนึกว่าปลายสายยางรถดูดส้วม,Bullying
มีเงินเข้าฟิตเนส ก็เจียดเงินไว้ทำหน้าบ้าง,Bullying
หน้าลาบเว่อ อยากเอาข้าวเหนียวจิ้ม?หน้า แล้วก็บีบไม่นาวไส่,Bullying
หน้าเหมือนหมาสัสควายอุบาท มั่น สกปรกโสโครก ไปอาบน้ำก่อน อีสัส,Bullying
แบ๊วจนเอ๋ออีดอก,Bullying
กูว่าปลาบู่บ้านกู ยังน่ารักกว่าหน้าอีนี้อีก,Bullying
น่ารักนะถ้าเทียบกับงูสิง,Bullying
จมูกเหมือนคนถ่างขา,Bullying
ไม่น่ารัก แต่อุบาทว์,Bullying
ดำขนาดนี้ ทาครีมบ้างนะ,Bullying
ควรเอาเงินไปทำหน้า มากกว่าหุ่นค่ะ หน้าเหี้ยมาก,Bullying
 มึงทำหน้าบ้างเหอะ ถือว่าขอร้อง ,Bullying
อย่าเป็นตัวของตัวเองเลย เป็นใครซักคนที่นิสัยดีกว่านี้อีกหน่อยเถอะ,Bullying
มั่นสุดๆไปเลยค่ะ,Bullying
ศัลบ้างเถอะสงสารคนที่ต้องเห็นหน้ามึงคิดว่าผิวดาวพุธหยาบอะไรขนาดนั้น,Bullying
บำรุงหน้าเหอะ ขอร้อง!,Bullying
นึกว่าพวกไร้บ้าน เเถวย่านหัวลำโพง,Bullying
เห็นหน้าแล้วจะอ้วก ไม่ไหวนะ,Bullying
มั่นอะไรขนาดนั้น ขนาดเล็บขบกูยังดูดีกว่าทั้งหน้าทั้งหุ่นมึงเลย,Bullying
เก็บเงินไว้ทำหน้าเถะอีดอก,Bullying
ไปดูแลหน้าบ้างนะ? อีลิงแสม,Bullying
ใช้คำว่า สภาพ ได้อย่างเต็มปากจริงๆ คนนี้,Bullying
ไม่ได้Bullyingนะ แต่อันดับแรกอยากพาไปตัดปีกจมูกค่ะ,Bullying
มั่นกับหน้ากากมาก ไม่สำเหนียกหนังหน้าเลย,Bullying
แต่งตัวแบบนี้คือแบบดูสกปรกยังไงไม่รู้,Bullying
ไม่อยากว่านะ คิดว่าเค้าไม่ค่อยปกติ,Bullying
เท่มากครับ เป็นกำลังใจในการวาดให้ครับ,Non-Bullying
คนบ้านเดียวกันแค่มองตากันก็เข้าใจอยู่,Non-Bullying
ของผมที่แต่เดือนที่แล้ว ตอนนี้ก็ยังไม่ได้ตรวจ,Non-Bullying
ขอให้หายไวๆนะครับ,Non-Bullying
ความบันเทิงกำลังมาเยือน,Non-Bullying
ใช่ครับผมตัวดีเลย,Non-Bullying
ตอนอยู่ตอนออกไม่ต่างกัน แต่ออกอ่ะดีสุด,Non-Bullying
ขำจนหัวเราะเลย,Non-Bullying
ถ้าเป็นสมัยร้านคอม โค้ชต้องเอามือตั้งไว้บนที่พิงเก้าอี้,Non-Bullying
เห็นแล้วอยากไปซับเหงื่อให้เลย,Non-Bullying
น่ารักมาก,Non-Bullying
ดูแล้วค่ะน่ารักมากเลยค่ะ,Non-Bullying
เธอสวยใส น่ารักตลอด,Non-Bullying
หยุดโดยไม่มีอะไรกั้น,Non-Bullying
แทบอยากจะรำไทยไปเปิดหน้าตัวเอง,Non-Bullying
หนังดี จริง ดูหลายรอบเก็บดีเทลยิ่งสนุกนะ,Non-Bullying
ทำผมหลับได้สุดยอดจริง,Non-Bullying
ใครจะไปหาหวานใจก็เชิญครับ ผมเป็นเด็กดี,Non-Bullying
หลงรักแล้ว หลงรักอีก,Non-Bullying
แค่คุณยิ้มก็สดใสแล้ว,Non-Bullying
บางทีโลกมนุษย์อาจจะเป็น นรก ก็ได้นะ,Non-Bullying
ดูคลิปนี้แล้วรู้สึกมีเพื่อน ดีใจที่มีคนคิดเหมือนเรา ,Non-Bullying
ท้ายตอนนี่ขำไม่ออกเลยครับ,Non-Bullying
เยี่ยมมากค่ะ,Non-Bullying
รับวาดภาพนะคะ ขออนุญาตค่ะ,Non-Bullying
เราว่าน่าจะอีกสักพักใหญ่เลยนะ,Non-Bullying
ไม่ต้องห้ามนะ เดี๋ยวเหนื่อยก็หยุดเอง,Non-Bullying
ลำบากคนนี้แหละ,Non-Bullying
กระสอบทรายชั้นเกรดเอ,Non-Bullying
เจ็บมั้ยละนั่น,Non-Bullying
คาถาไม่ซ้ำ จำบทไม่ได้,Non-Bullying
ขออีกรอบได้ไหมลืมอัด,Non-Bullying
กลั้นขำกันได้ยังไงกันนะ,Non-Bullying
ขอบใจนะ,Non-Bullying
เสริมหล่อกันหน่อย,Non-Bullying
คนละเรื่องเลยจริงๆ,Non-Bullying
 อ้อ เข้าใจละ,Non-Bullying
หล่อมาก,Non-Bullying
ทรงนี้โครตหล่อเลยครับ,Non-Bullying
เคยใส่เเล้วมองกระจกเเล้วคิดว่าตัวเองหล่อขึ้นจริงนะ,Non-Bullying
ขนาดนี้ก็เกินไป,Non-Bullying
เรื่องจริงไม่ติงนัง,Non-Bullying
ม้วนไหนไม่รู้ ที่รู้ๆเดินกลับบ้าน,Non-Bullying
จินตนาการล้วนๆเลย,Non-Bullying
เห็นมาหลายวันล่ะ แต่ก็ยังไม่รู้ว่าต้นตอมันคืออะไร,Non-Bullying
แยกกันตรงนี้แหละ เราไปด้วยกันไม่ได้หรอก,Non-Bullying
ไปเล่นนอกรถคนเดียวเลยไป,Non-Bullying
ความจริงแล้วคนขับฝั่งไหนครับ,Non-Bullying
แพ้ทางซะแล้ว ขอร่วมทีมด้วยครับ,Non-Bullying
แย่ทุกคนอะ ช่วงนี้,Non-Bullying
ดีนะครับไม่ พลิกแพลง,Non-Bullying
ที่หมอพูดมาก็มีเหตุผล,Non-Bullying
ไม่เป็นไรครับ กันเอง มาบ่อยแล้ว เดี๋ยวผมลดให้หมอก็ได้,Non-Bullying
อะไรประหยัดได้ก็ประหยัดนะ,Non-Bullying
ดีละไม่ขึ้นไปอยู่บนหน้าผาก,Non-Bullying
อิจฉาคนไม่ได้อ่าน,Non-Bullying
ถนนมีคลื่นเล็กน้อย,Non-Bullying
ป็นงานผ้าตกแต่งครับ แต่ใช้ปูนเพื่อความคงทน,Non-Bullying
ยืนยันได้ว่า ตอม่อแข็งแกร่ง ไม่มีทรุด แต่ที่ทรุดคือถนน,Non-Bullying
อีกหนึ่งบททดสอบ เรื่องระบบช่วงล่างครับ นิ่มหนึบแข็ง จะได้รู้กัน,Non-Bullying
ทุกการเดินทางจะมีแต่ความบันเทิง,Non-Bullying
อยากทราบว่ามันเกิดจากอะไรครับ เพราะว่ามันสวยมาก,Non-Bullying
กรมอุตุรายงาน ระวัง ทะเลลื่น ถนนมีคลื่นเล็กน้อย,Non-Bullying
ทำอาหารมาสามชั่วอายุคนแบบนี้ลูกค้าหิวตายก่อนพอดี,Non-Bullying
ชอบโพสต์แบบนี้ ครั้งหน้าไม่ขายให้แล้วนะ,Non-Bullying
ขอบคุณสำหรับเสียงหัวเราะและเสียใจกับครอบครัวด้วยครับ,Non-Bullying
ตาเยิ้มไปเลยสิคะ,Non-Bullying
ถ้าถามว่าความสุขไปทางไหน ตอบได้อย่างมั่นใจว่าไปห้องเรา,Non-Bullying
ขอบคุณสำหรับข่าวสารครับ,Non-Bullying
ตรงนี้ฮามากครับ,Non-Bullying
อุตส่าห์ตั้งใจอ่าน,Non-Bullying
ตื่นเต้นจังครับ,Non-Bullying
ตื่นเต้น นอนไม่หลับเลยเนี่ย,Non-Bullying
ครดูแล้วบอกทีครับ ฮาจริงมั้ย กลัวเสียใจ,Non-Bullying
มันไม่มันส์ข้ามปีหลอก หัวร้อนข้ามปีอ่ะดิ,Non-Bullying
ใครเบื่อก็เลื่อนผ่านครับ ,Non-Bullying
เข้าใจความรู้สึกครับ เพราะผมก็ไม่ได้จบจากที่นี่เหมือนกัน ของแบบนี้ คนที่เรียนจบจากที่นี่ไม่เข้าใจหรอก,Non-Bullying
เออชัดเจนดีชอบๆ,Non-Bullying
โอเค ทำให้กูอ่านหนังสือเกิน 3 บรรทัด,Non-Bullying
แค่วันนี้วันคิดมาก ก็ปวดหัวจะแย่อยู่ละ,Non-Bullying
ควรภูมิใจนะครับที่หลบมาได้ขนาดนี้,Non-Bullying
ผมก็นึกว่าปีเตอร์เป็นแมลงสาบ,Non-Bullying
มึงรีบเอายางลบมาลบออกเลยนะ,Non-Bullying
เจ้าควรต่อต้านไม่ใช่เข้าร่วม,Non-Bullying
มันคืออะไรมาอธิบายผมที,Non-Bullying
ซานต้าบอก อยู่แค่นี้กูก็จะไม่มีแดกแล้ว,Non-Bullying
เมื่อก่อนแซนต้าเอาของขวัญมาให้ ยุคนี้มาถุงเปล่า หยิบของในบ้านไปแทน,Non-Bullying
ลาก่อนไอ้หนู,Non-Bullying
รู้สึกไม่ดี ไม่เห็นด้วย ตั้งแต่คราวก่อนแล้วล่ะ,Non-Bullying
ไป โลตัสดีกว่าครับ ของเยอะกว่า ตราด ครับ,Non-Bullying
ไม่เก็ท แต่กดหัวเราะไว้ก่อน,Non-Bullying
นอกจากโอเค มีโออย่างอื่นอีกมั้ยครับ,Non-Bullying
ผมนี่ขำจนหัวเราะเลยครับ,Non-Bullying
ทุกครั้ง จะต้องอ่านวนอีกรอบ,Non-Bullying
ไป?เต็ม?ยศ?ขนาด?นี้? เป็น?ผม?ให้?ฟรี?เลย?ครับ,Non-Bullying
เมืองนี้เป็นเมืองวิเศษ ตรวจอะไรไม่เคยเจอ,Non-Bullying
ต่อต้านนะ แต่ห้ามตรวจสอบ,Non-Bullying
ไม่เคยได้ยินหรอ ไปน่าน ไปโน่น ฉันจะตีก้นเธอ,Non-Bullying
คราวหน้าไม่อยากต่อยจอแล้วอ่ะ,Non-Bullying
สร้างสรรค์สุด ๆ,Non-Bullying
รีบตายไปเหอะไอโรคจิต,Bullying
อีกระเทยเฒ่าแก่,Bullying
อีกะเทยโล้นซ่า มั่นเว่อร์ มโนคิดว่าคนอิจฉาตัวเองที่มีผัว,Bullying
นั่นหน้าผากหรือลานจอดเครื่องบิน,Bullying
ก็ขิตไปเลยค่ะอีหัวโล้น,Bullying
สภาพนะสู อับอายขายขี้หน้า ,Bullying
น่ากลัว อุบาทว์มาก,Bullying
หน้าหมาไม่พอ ยังใจหมาอีก,Bullying
เป็นอะไรอีเปรต,Bullying
อีกระเทยโมงเน่าเอือดๆสภาพเหมือนหมากระเป๋ามีผัวเป็นออทิสติก,Bullying
อีนี่แหละ ตัวสร้างก๊าซเรือนกระจกให้แก่โลก อีเบาหวานตัวจัญไรทำลายโลก,Bullying
จะอ้วก เห็นหน้ามึงอ่ะจะอ้วก,Bullying
มันคงคิดว่ามันทำอะไรก็ดูน่ารักไปหมดละมั้ง,Bullying
เดินสองขาลำบาก แนะนำ 4ขาไปเลยคร่า,Bullying
อยากรู้ต้องโง่ขนาดไหนซื้อครีมในติ๊กตอก,Bullying
คิดว่าสวยนักเหรออีดอก,Bullying
แข้งขาก็ไม่ค่อยดียังจะมาชอบวิ่งๆเดินๆอีก,Bullying
เราไม่มีปัญหากับคนง่าว แต่เรามีปัญหากับคนมั่น,Bullying
ขอบคุณที่ปิดหน้าเซฟตาคนดู,Bullying
หุ่นโคเรีย หน้าเหมือนโคกะบือมาก,Bullying
ปิดนานขนาดนี้ สัมภเวสีเข้ามาอยู่ละมั้ง อ่อลืม เจ้าของก็สัมภเวสี,Bullying
สามัญสำนึกเหี้ยมากพอๆกับสารรูปมรึงเลย,Bullying
เปิดหน้ามาคือน่ากลัวมาก,Bullying
ผมมองว่าผู้หญิงคนนี้แปลกๆว่ะ ดูจิตนิดๆ แม่งโคตรเหมือนโรคจิตเลย,Bullying
เราต้องอาศัยอยู่ในประเทศเดียวกับคนที่มีความคิดปัญญาอ่อนแบบนี้จริงๆหรอ,Bullying
คนกระจอกมักแสดงออกแบบกระจอกๆ,Bullying
เหมือนฟังคนเมาพูดอะเอาจริงๆ,Bullying
สมงสมองไปหมดแล้ว,Bullying
อีนี่ควรพบหมอนะ เอาจริงๆ,Bullying
อีขยะนี่ยังอยู่เหรอ,Bullying
ถ้าได้รับยาเร็วกว่านี้ เขาคงไม่เป็นถึงขนาดนี้,Bullying
คนแบบนี้ควรจะขี่เกวียน แทนการขับรถ,Bullying
ใครก็ได้เรียกศรีธัญญาให้อีป้านี่หน่อย อาการหนักละชิบหาย,Bullying
อายุก็เยอะละ ไม่น่าหลุดความคิดต่ำๆแบบนี้มานะ,Bullying
อันนี้คือใช้สมองคิดแล้วหรอ,Bullying
ความคิดนี่ปัญญาอ่อนมากครับ,Bullying
คนโง่ย่อมแสดงออกแบบโง่ๆ,Bullying
อีดอกอีโรคจิต,Bullying
ความคิดแบบนี้ ไม่ใช่คน แม้แต่หมา มันยังไม่คิดแบบนี้เลย,Bullying
จิตใจต่ำตมมากไม่น่าเกิดมาเป็นคนนะ,Bullying
เอาสมองส่วนไหนมาคิด,Bullying
สมองหมาปัญญาควายที่แท้ทรู,Bullying
นี่กูต้องมาทนอยู่ร่วมแผ่นดินกับคนเกินเยียวยาแบบนี้หรอ,Bullying
นี่ฉันจะต้องมาตายกับพวกที่ปัญญาอ่อนที่สุดในกาแล็คซี่เหรอ,Bullying
สมองคงมีขยะเยอะเขาโปรแกรมให้คิดเป็นอยู่แค่นี้,Bullying
คนเหี้ยอะไรชื่อเหมือนหมา,Bullying
แค่หุ่นดี ไม่ได้แปลว่า เทอสวย,Bullying
ขนาดเราเอง หุ่นก็พอไปได้ เรายังไม่มั่นใจขนาดนี้เลย,Bullying
เลิกแลบลิ้นเหอะมันอุบาทว์,Bullying
หุ่นดี แต่หน้าส้นตีน ก็ไม่ควรมั่นหน้าให้มากนะคะ,Bullying
พวกไร้สมอง หัวมีแต่ขี้มันคิดอะไรไม่เป็นหรอก,Bullying
สาระไม่มี.. สมองก็เช่นกัน,Bullying
อันนี้สงสัยจริงๆ นั่นปัดแก้มหรือหน้าไหม้คะ,Bullying
หน้าเหมือนเมายากันแดดเลยค่ะ,Bullying
หน้าดำเหมือนโดนของ แถมพูดไม่รู้เรื่องอีก,Bullying
ห๊ะ อิหยังวะ ฟังไม่รู้เรื่องเจ้าค่ะ ตอนแรกนึกว่าผีเข้า,Bullying
ทำไมเธอดูดำจังคะ,Bullying
นี่แข่งขี่ม้าหรือดูดม้าเนี่ย สภาพแต่ละคน,Bullying
ขยะแขยงตรรกะนางเว่อ ใช้อะไรคิด,Bullying
สมองความคิดเหี้ยเกินบรรยายเนาะ,Bullying
แม่งปลอมตั้งแต่ตอนเป็นพระยังมีหน้ามาสอนคนอื่น,Bullying
คนโง่ที่น่ากลัว คือไม่รู้ว่าตัวเองโง่,Bullying
ความคิดโง่มาก,Bullying
ก็ไม่สวยทั้งสองตัวนั่นล่ะ จบ ตัวแม่ก็ศัลยกรรมเทคนิคจากยุคอนาล็อกอยู่บนหน้าเอาอะไรมาสวย,Bullying
อธิบายให้คนโง่... คุยกับหมากับแมว ยังบันเทิงใจกว่า,Bullying
เหมือนจะฉลาด,Bullying
ไม่คิดจะฉลาดขึ้นบ้างเลยเหรอ,Bullying
โง่ดักดาน และ เห็นแก่ตัว,Bullying
สวยส้นตีน สวยแล้วโง่ๆแบบนี้เนี่ยนะ ดักดานจัง,Bullying
สวยไร้สมอง แถมไม่ยอมรับความเป็นจริง วิ่งอยู่ในทุ่งลาเวนเดอร์,Bullying
ควรทำตัวให้มีค่ากว่านี้ ดาราพวกนี้,Bullying
ไม่สวยก็คือไม่สวยค่ะ,Bullying
สวยตรงใหนวะ หุ่นก็ดูเหมือนกินไม่เลือกปะคะ,Bullying
หน้ามันก็พลาสติก สวยตรงไหน,Bullying
ถ้าโง่ก็แค่อยู่เงียบๆนะคะ,Bullying
อีสัส หลอนลิ้น หรือหลอนตาดี,Bullying
ทำหน้าทำตาหน้าตบจริงๆ,Bullying
ตาเหลือก เหมือนโดนอะไรกระแทกคอ,Bullying
สวยก้อเหี้ยละ เอาจิงๆ หน้าตาก้อบ้านๆอ่ะ ถ้าสวยเปนดาราไปแล้วมั้ง,Bullying
เงินก็มีเยอะเเยะ ทำไมไม่ไปรักษาจะได้หายเอ๋อแดก,Bullying
เธอน่ากลัวชิบเป๋งเลยไอ้ต้าวลิ้นแข็ง,Bullying
หน้าตาน่ากลัว แถม พูดภาษาคนไม่รู้เรื่อง มึงนี่มันเอเลี่ยนชัดๆ,Bullying
สภาพเธอดูหลอน และรั่วมากอ่ะ,Bullying
เหมือนผีเข้าอีดอก น่ากลัวมาก,Bullying
ที่มาของคำว่าแก่กะโหลกกะลาจิงๆ หยาบคายอายแทนลูกหลานเลย,Bullying
จุดที่เหนื่อยที่สุด คือจุดที่เราคิดหลายๆเรื่องพร้อมๆกัน,Non-Bullying
ผู้สาวบ้านได๋น้อ งามแท้หล่ะ,Non-Bullying
เน็ตเร็วเเค่ไหน ทักไปหาเขา เขาก็ไม่ตอบ,Non-Bullying
ชอบพวกเขามาก ไอดอลเลย,Non-Bullying
ยังรอคอยเธอเสมอ ไม่ว่าเธออยู่ที่ใด,Non-Bullying
เพลงมันก็มีอยู่สองแบบ เพลงที่ส่งให้แกฟัง กับเพลงที่แกส่งให้มันฟัง,Non-Bullying
ซีรีย์ไม่จบ เราไม่นอน! ขอบตาบอกไม่ไหว แต่ใจไหวมากค่า,Non-Bullying
ติดต่อได้เลยครับ รับประกันทุกผลงาน,Non-Bullying
ของแบบนี้มันต้องมีเคล็ดลับด้วยเหรอ,Non-Bullying
ผมเป็นมาเเล้วทุกบทบาท ยกเว้นเเฟนคับ,Non-Bullying
หัวหน้าห้องน่ารักมากๆนางเอกก็น่ารัก,Non-Bullying
คนเท่ๆต้องเปนเเบบนี้เเหละ,Non-Bullying
เพื่อนเยอะเหมือนกันนะ,Non-Bullying
ปั่นจักรยานยังไงให้เท่ขนาดนี้,Non-Bullying
สนุกมากเรื่องนี้,Non-Bullying
ไม่ทราบว่าอยู่เมืองไหนคะ บรรยากาศดีมากเลยค่ะ,Non-Bullying
คิดถึงแค่ไหนก็จะไม่ทักไปอีก ไม่ใช่ใจแข็งนะ เขาไม่ตอบ,Non-Bullying
เลื่อนขึ้นดูอีกที? นึกว่าผิดเพจ,Non-Bullying
ที่ปรึกษา? ที่ระบาย? ก็ผมนี่แหละครับ,Non-Bullying
เจ็บแปล๊บขึ้นมาทันที..อกหักใช่ไหมแบบนี้,Non-Bullying
น่ารักที่สุดเลยคุณ ,Non-Bullying
ขอโทษที่มองเป็นตลับคอนแทคเลนส์,Non-Bullying
ชุดไหนก็ดีครับน่ารักที่สุด,Non-Bullying
ชุด แสงเงา ฉากหลัง สบายตามากครับ สวย ลงตัวทุกอย่างเลย,Non-Bullying
สภาพหนู ช่วงหลังๆ เป็นแบบนี้เลย ตี 4 ตี 5 ไม่หลับไม่นอน สตรีมยาว กลางวันตาบรือ มากเลยค่ะ,Non-Bullying
เราจะทำตามสัญญา ขอเวลาอีกไม่นาน,Non-Bullying
เดี๋ยวนี้ข่าวลือมาเวลมักเป็นข่าวจริง รอชมครับ,Non-Bullying
มาเถอะ คิดถึง,Non-Bullying
ดีมากทั้งเรื่อง บทจบคือง่ายเกิน,Non-Bullying
ดูหลายรอบอยู่เรื่องนี้ มีให้ลุ้นตลอด ไม่ค่อยน่ากลัวแต่ก็สนุก,Non-Bullying
รับคนแพ็คสบู่ใส่กล่อง,Non-Bullying
จำมาจากงูกินหาง อันนี้เสือกินหาง,Non-Bullying
เมื่อรถที่ขับแซงคุณไปเมื่อกี้ มาติดไฟแดงเดียวกับคุณ,Non-Bullying
ก็ให้โอกาสลืมหน่อยดิ,Non-Bullying
ก็ขอเวลาหน่อยดิ เอ้อ,Non-Bullying
ถ้าตัวตนจริงๆของผมก็ เป็นคนเคร่งครัดในระเบียบวินัย เวลาไหนทำอะไรบ้าง ผมเป็นคนที่ตรงต่อเวลามากๆ,Non-Bullying
เรากินก๋วยเตี๋ยวไง ใส่ชามก็แล้วกัน ,Non-Bullying
ชอบเฮฮาและชอบการอยู่คนเดียวในเวลาเดียวกัน,Non-Bullying
ชวนมาช้อปที่ ตลาดนัดออนไลน์ เพื่อเกษตรกรและชุมชน ,Non-Bullying
สาขาอื่นมีโปรโมชั่นแบบนี้เหมือนกันด้วยมั้ยคะ,Non-Bullying
อันนี้ตลกอ่ะ คิดได้ไง,Non-Bullying
จนตอนนี้คือ ผมเคร่งครัดในระเบียบวินัยตลอดครับ...,Non-Bullying
เอ็งว่างวันไหนวะเพื่อน,Non-Bullying
ชอบเก็บตัวหมกตัวอยู่ในห้อง ไม่ค่อยชอบที่ๆคนเยอะ,Non-Bullying
เมื่อความเป็นเธอมีอยู่ทุกที่,Non-Bullying
ความทรงจำดีๆ จึงไม่ลบเลือนไป,Non-Bullying
ตื้นเต้นกับอะไรง่ายๆแล้วก็เบื่อง่ายกับทุกสิ่งแคร์ความรู้สึกคนอื่น,Non-Bullying
เล่นเกมต่อไป,Non-Bullying
ยังจำไม่เคยลืมเลือน,Non-Bullying
เป็นคนที่ขี้เกียจ เเต่ถ้าเวลาไหนคิดได้ก็จะขยันทันทีค่ะ,Non-Bullying
ภาพจำยังชัดเจน กับเนื้อเพลงที่ลืมเลือน,Non-Bullying
คอยเตือนตัวเองเอาไว้,Non-Bullying
ความท้าทายที่ไม่หยุดนิ่ง อาจจะเริ่มต้นจากเพียงจุดเล็ก ๆ สู่การผจญภัยที่ยิ่งใหญ่,Non-Bullying
เก่งจังเลย น้องๆก็น่ารัก สู้ๆนะคะคุณแม่,Non-Bullying
ลองฝึกแมวดูครับของผมน้องแมวไม่ค่อยยุ่งโมเดลผมเลย,Non-Bullying
เรื่องเศร้าจริงๆมันก็คงจะเป็นเราที่ยังคงต้องยอมศิโรราบแด่เขาผู้นั้น,Non-Bullying
ถึงจะดูเหมือนไม่เศร้า แต่จริงๆ แค่ไม่เล่าให้ใครฟัง,Non-Bullying
ขอโทษละกัน,Non-Bullying
มองข้างๆระวังหลงมองตรงๆระวังรัก ,Non-Bullying
ถ้าคนใหม่ไม่ใส่ใจ ให้รู้ว่ายังมีฉันรออยู่ตรงนี้,Non-Bullying
ก็น่ารักดีนะครับ ทุกสิ่งทุกอย่างมันจะมีเสน่ห์ในตัวมันเองครับ,Non-Bullying
ตาสวยมากเลยนะ ตาหวานมาก เเววตาข้างในก้น่ารัก ดวงตาของเทอพิเศษมากเลยนะ เอาง่ายๆคือเทอตาสวย,Non-Bullying
ถ้ายังมีความสุขที่ได้อยู่คนเดียว ก็อยู่คนเดียวไปก่อน,Non-Bullying
ไก่ต้องมีคนทอด มอดต้องกินไม้,Non-Bullying
วันนึงที่เจอเค้า เราจะขอบคุณตัวเอง ที่อดทนรอมาได้นานขนาดนี้,Non-Bullying
กอดตัวเองให้แน่นๆรักตัวเองให้มากๆ,Non-Bullying
คำว่าถึงเวลา คือ ถึงเวลาที่พร้อม,Non-Bullying
คงมีแค่การรักตัวเองเท่านั้นแหละที่ไม่มีขอบเขตข้อกำหนด,Non-Bullying
การยอมรับความจริงจะรักษาทุกอย่าง,Non-Bullying
ใช่ค่ะ อยู่คนเดียวเหงาหน่อย แต่ก็สบายใจ ถึงเวลาเดี๋ยวมามันก็มาเอง,Non-Bullying
หยุดมั่นนะคะ สวยแบบนะค่ะ,Bullying
สวยเเต่หุ่นไม่ได้,Bullying
หุ่นเหมือนแม่ลูก4เลย,Bullying
หมีควาย,Bullying
แบ๋ว กับ ปัญญาอ่อน มีเส้นบางๆกั้นอยู่,Bullying
ปญอ,Bullying
มันมีจิงๆๆเหรอคนแบบนี้,Bullying
มันดูตลกอ้ะไม่ใช่น่ารัก,Bullying
กุฟังละกุปวดหัว ลิ้นมันเปนไร,Bullying
เหมือนเด็กปันยาอ่อน เอาดีๆ นางเป็นออทิสติกปะ,Bullying
อีสัส เสียงเป็นเหี้ยอะไร อีควาย ไปแบ๊วไกลๆ,Bullying
น่ารักตายห่าแหละ,Bullying
ตายซะอิสัส สงสารหู,Bullying
ไม่สวย,Bullying
ความมั่นของอิช้างน้ำ,Bullying
ผึ้งต่อยหน้าเหรอ ดูบวมๆ,Bullying
สภาพพูดเหมือนบ้านไม่มีกระจก,Bullying
รีบตายเถอะสาว,Bullying
หน้ากลัวอีสัสตะกี้เปิดให้หลานดูร้องไห้บอกกลัวผี,Bullying
เกิดมาก้แก่เลยอีเหี้ย,Bullying
อ้วนมาก,Bullying
ตันไปหมด,Bullying
อ้วน เหมือนคนท้อง,Bullying
อ้วนไปว่ะ,Bullying
อ้วนเกิน ส่งไปได้ไง,Bullying
อวบไปนะ,Bullying
เชิญไปรายการธิดาช้าง,Bullying
พุงก็ใหญ่สวยตรงไหนว่ะ,Bullying
ท้องป่อง,Bullying
ทำไมอ้วนยังงั้น งูเหลือม,Bullying
นางอืดหรือนางงาม,Bullying
หน้าตาไม่สวยเป็นนางเอกได้ไง,Bullying
คุณเองที่นำหมีควายไปประกวด,Bullying
ขานึกว่านักมวย ไม่มีความเรียว,Bullying
ธิดาอึ่งอ่างพองลม,Bullying
นี้สวยแล้วหรอ,Bullying
อียักษ์,Bullying
แขนล่ำยังกับแขนนักมวย,Bullying
ถึงหุ่นสวย หน้าไม่สวยจบป่ะ,Bullying
ผอมขี้เหร่มากกกกกก,Bullying
คิดว่าสวยมากมั้ง หน้าตาก็บ้านๆ,Bullying
ผิวก็ดำ ไม่เห็นจะสวยตรงไหนเลย,Bullying
สวยใส ไร้สมอง,Bullying
อีหน้าลาว,Bullying
อีบ้านนอก,Bullying
นมก้ไม่มีว้ายๆ,Bullying
คนอย่างมึงไม่มีทางเป็นดารา,Bullying
นมไม่มีเลย,Bullying
ขาหรือต้นกล้วยครับแยกไม่ออกจริงๆ,Bullying
ผอมเกินไม่สวย,Bullying
จริงๆถามว่าหุ่นดีมั้ย ก็ไม่นะ,Bullying
ขาเล็กเป็นไส้เดือนเลย,Bullying
อีกระเทยพลาสติก,Bullying
แหมบกันทั้งครอบครัว ,Bullying
ไหนนมอ่ะ,Bullying
เสริมนมด่วน นมหายค่ะ,Bullying
แก่อะคนที่สอง,Bullying
แมทคือดูหน้าแก่กว่าคนอื่นมากเลย,Bullying
ดูเสื้อละ ตลาดล่างแน่นอน,Bullying
เด็กอีสานโคตรจน ว้าย,Bullying
หัวเถิกมากครับ,Bullying
สู้เมียฝรั่งไม่ได้สักคน,Bullying
ดำมาเชียวววว,Bullying
ผอมไปครับ,Bullying
หน้าตาตลกจังค่ะ,Bullying
หน้าคุณยายเหมือนลีน่าจัง เลยตลก,Bullying
ขาใหญ่ ขาหมู,Bullying
พุงออกกก,Bullying
แอ๊บแมน,Bullying
ทุเรศ,Bullying
อุบาทว์,Bullying
ปลอมมาก,Bullying
ดูยังไงก็ไม่น่ารัก จิตป่วย,Bullying
ขี้เหร่วันขี้เหร่คืนเลยมึง,Bullying
อีปลวกหมีควาย,Bullying
หน้าคิงคอง,Bullying
เอาแป้งโบกคอหน่อย ,Bullying
ทำไมแม่ค้าไม่ขาวอะ,Bullying
ทำไมเอากระเทยไปไลฟ์สด ทำไมไม่เอาผู้หญิงสวยๆคะ,Bullying
ทุเรศมากป้า,Bullying
ลูกคนอีสานมิหน้าไม่ค่อยมีแฟน,Bullying
กูนึกว่ากะหรี่แถวฝั่งลาว,Bullying
ไม่ได้สวยหรือน่ารักนะ แต่น่าเหี้ยเลยล่ะ,Bullying
อีพิการทางสายพันธุ์,Bullying
ตายสะอีกระเทย,Bullying
อีกระเทย ต่ำ,Bullying
ไม่สวยดำ,Bullying
อีหนูรัตน์มันบ้า เหมือนคนบ้า ร้องลิเกก็บ้า,Bullying
ปลอมพอๆกับหน้ามึงเลย,Bullying
จะเอาอะไรกับคนปัญญาอ่อนไม่เต็มบาท,Bullying
อีหน้าบานเป็นกระด้ง,Bullying
นั่นหน้าหรือจานดาวเทียม,Bullying
โคตรอ้วนเลยอ่ะ ออกกำลังกายบ้างนะ,Bullying
แอ๊บแบีวหาสาระไม่ได้,Bullying
อ้วนท้องยื่นเลย,Bullying
ตันชิบหาย,Bullying
เก็บพุงไม่อยู่,Bullying
นางงามหรือนักซูโม่,Bullying
ไม่สวยเหมือนแม่เลย,Bullying
พ่อแม่ไม่สอนลูกหรือยังไง,Bullying
เราคิดว่าตายได้รีบตายเลยค่ะ ก่อนที่จะโตมาเป็นผู้ใหญ่เหี้ยๆ,Bullying
ส่วนมากเด็กเหี้ยๆพวกนี้มีผัวก่อนเรียนจบทั้งนั้น? อนาคตคุณแม่วัยใสไม่ไกลเกินเอื้อม?,Bullying
เชิญไปรายการธิดาช้าง,Bullying
ทุกสายตามองไปที่พุง,Bullying
นางไม่ได้สวยโดดเด่น เรียลไซส์ไม่ผิด แต่ไปถึงระดับจักวาล ทุกอย่างต้องสมบูรณ์แบบป่าวทัวร์อย่าลงนะ,Bullying
คิดว่านางท้องอ่อนๆๆๆๆอย่าด่าแม่นะ,Bullying
เดินเหมือนหุ่นยนต์หนักเหล็ก คือแบบว่าโดดเด่นในเรือนร่างที่บึกบึน,Bullying
พ่อแม่รังแกฉัน... อวยกันจนอ้วน...,Bullying
ไวและงานละเอียดที่สุดในโลกคือนิสาเท่านั้น,Non-Bullying
สวยกว่าคนมง,Bullying
มีแต่คนอ้วนๆมาปกป้อง น่ารักอ่ะ,Bullying
เอาไรมาสวย มั่นหน้า,Bullying
แต่ละเม้นนะ ซ้ำเติมอ่ะ บางเม้นแรงมาก สงสารแอน,Non-Bullying
หน้าผมไม่แกง แต่หน้าท้องเด่นมาก,Bullying
ทองไหน ไม่ได้อะไร แต่หน้าท้องมันชัดมากไป,Bullying
ไม่มีความยุติธรรมยุคเผด็จการ,Bullying
ไม่เคยคาดหวังและก็ไม่ทำให้ผิดหวังจริงๆครับ,Non-Bullying
ความยุติธรรมมันตายแล้ว,Non-Bullying
อย่าถามหาความยุติธรรมในเมืองเผด็จการ,Bullying
เรื่องธรรมดา พวกกันอยู่แล้ว,Bullying
กฏแห่งกรรมยุติธรรมที่สุด อย่างอื่นหมดหวัง,Non-Bullying
ตำรวจรุ้ๆๆอยุ่แม่งพวกกัน,Bullying
คนดีจะยุติธรรม...คนเลวจะช่วยคนเลวด้วยกัน..ตรรกะที่ผมใช้ดูคนครับ,Non-Bullying
ไม่เคยทำให้ผิดหวังจริงๆครับ,Non-Bullying
นี้แหละครับสังคมคนมียศ,Bullying
ประเทศนี้มีคำว่ายุติธรรมด้วยหรอครับ,Non-Bullying
เป็นยุคที่เห็นความเป็นธรรมด้อยกว่าเงิน!,Bullying
เหมือนเห็นตัวเอง ,Non-Bullying
วงการพูดแล้วเข้าใจยาก และ พูดไม่เข้าใจ ก็ออกยากเหมือนกัน,Non-Bullying
ขอโทษที่พูดเร็วจนเพื่อนฟังไม่ทัน,Non-Bullying
เหนื่อนตลอดเวลา ทุกชม,Non-Bullying
รอเพลงดีๆของหมอปุยเลยคัาบบ,Non-Bullying
น่ารักที่สุดเลยค่ะพี่ปุย,Non-Bullying
น่ารักที่สุด,Non-Bullying
คุณความรักกกกก,Non-Bullying
ใส่แว่นแล้วดู คูลมากครับ,Non-Bullying
น่ารักจางงงงงง,Non-Bullying
คูมหมอโซคิ้วมั๊ก,Non-Bullying
เท่สุดๆเลยคุณหมอ,Non-Bullying
คุมหมอสวยมั้กก,Non-Bullying
โซคิ้วทฺ,Non-Bullying
หมอปุยใส่แว่นแล้วดูเท่อ่ะ,Non-Bullying
เท่มากค่ะหมอ,Non-Bullying
หมอน่ารักอีกแล้วหมอ,Non-Bullying
หมอใส่แว่นด้วยอะ,Non-Bullying
น่ารักมากเลย,Non-Bullying
คุณหมอออ,Non-Bullying
เท่สุดๆเลยคูมหมอ,Non-Bullying
แสงแห่งความน่ารักมันช่างเจิดจ้าซะเหลือเกิน,Non-Bullying
มองเห็นคนน่ารักครับ,Non-Bullying
ค่ตเท่อ่าาา,Non-Bullying
ใส่แว่นดำยังน่ารักอะ,Non-Bullying
เก็บทรงไม่ให้รักเธอ,Non-Bullying
ละมุนจังครับ,Non-Bullying
ที่ดูมาพี่กิตดีสุด,Non-Bullying
หล่อเท่มากงับต้าวแมว,Non-Bullying
พี่กิตตัดผมแล้ว,Non-Bullying
ตัดผมแล้วเย้,Non-Bullying
หล่อเท่มักๆ เยย,Non-Bullying
อ่ยยย พี่กิตนะระจังงงงงง,Non-Bullying
หิวเลยชาเย็น,Non-Bullying
ทรงผมแมวน่ารัก,Non-Bullying
หล่อจาดทรงนี้,Non-Bullying
ขอสักขวดดิพี่กิต,Non-Bullying
หล่อจัง,Non-Bullying
ว้าวๆๆๆๆตัดผมแล้วเหล่ท่อๆๆ,Non-Bullying
พี่กิตแบ่งผมหน่อยหิว,Non-Bullying
แมวววกิตตต,Non-Bullying
พี่กิตหล่อมาก,Non-Bullying
ทำคลิปรีวิวว,Non-Bullying
อ้าา ตัดผมแล้ว,Non-Bullying
หล่อจังเลย? งื้อ,Non-Bullying
ต้องเติมสักเขี่ยงแล้ว,Non-Bullying
หล่อเกิน55,Non-Bullying
ริกเตอร์เปลี่ยนทรงผมแล้วเหรอครับ,Non-Bullying
งื้ออ น้อนกิตหล่อเท่ ,Non-Bullying
หล่อมากฮะพี่กิตต,Non-Bullying
ตัดผมแล้วเหรอครับ,Non-Bullying
ต้องซื้อตามและหล่ะคับ,Non-Bullying
ขอสักขวดครับ,Non-Bullying
หล่อครัฟฟฟฟฟฟใจร้าว,Non-Bullying
เเบ่งหน่อยพี่,Non-Bullying
สั่งโหดเหมือนโกรธแกร็บ,Non-Bullying
รวยเกินนนน,Non-Bullying
แกร๊บมีลองกินุสป่ะครับ,Non-Bullying
สั่งขนาดนี้เเต่ทำไมยังผอมครับ,Bullying
โอ้ววง.....กินหมดนี่เบาหวานแน่นอน5555,Bullying
เอาไป 2 นิ้วโป้ง,Non-Bullying
งุ้ยน่ารักก,Non-Bullying
หล่อมากครับพี่fcเลยครับ,Non-Bullying
โหวสาดอย่างหล่อเทพอันดับหนึ่ง,Non-Bullying
พี่แป้งมาขอกินด้วยครับพี่,Non-Bullying
ผมอยากเป็นลูกศิษย์พี่555,Non-Bullying
น่ารักเท่าโลกเลย,Non-Bullying
ตัดผมละโครตหล่อ,Non-Bullying
เลี้ยง ก๋วยเตี๋ยวผมหน่อย เดี๋ยวสั่งให้พี่จ่าย,Non-Bullying
ผมทรงนี้พี่กิตเท่มาก,Non-Bullying
แง้วววน่ารักเกินไปมั้ย,Non-Bullying
โครตไม่ชอบเลยได้กลิ่นทีไรหน้ามืดตาลายทุกที,Non-Bullying
จริงที่สุด,Non-Bullying
เกียจมากกกกกกก,Non-Bullying
แต่ฉันต้องทน เพราะเทอสูบเก่ง,Non-Bullying
ผู้ชายไม่ดูดบุหรี่น่ารักทุกคนน,Non-Bullying
จริง เหม็นมาก,Non-Bullying
มากๆๆๆๆๆๆๆ ได้กลิ่นแล้วปวดหัว แสบจมูกมาก,Non-Bullying
ไม่ชอบกลิ่นบุหรี่แต่ชอบกลิ่นกัญชาครับ,Non-Bullying
ใช่ค่ะ ไม่ชอบ หายใจไม่ออก,Non-Bullying
ไมเกรนจะขึ้นนนนน,Non-Bullying
ความยากไม่ใช่วิชา แต่ความยากคืองานกลุ่ม,Non-Bullying
ก็นะทำไงได้,Non-Bullying
เดี๋ยวว บ้านมึงซอมบี้บุกยังไม่สิ้นหวังเท่าบ้านกู บ้านกู 7 ปีละนะมึง,Bullying
เกาหลีอ่ะดีละ มาไทยนี้เจอผู้น้ำฟายๆหนักกว่าเยอะ,Bullying
คนนี้ใช่นางเอกที่เล่น mynameไหมครับ,Non-Bullying
จู้ๆนะคะ,Non-Bullying
ตอนนี้ฉันเพิ่ง 32 แต่ไม่มีความหวังเลย,Non-Bullying
แอบเศร้าเนอะ แต่นั่นซอมบี้ นี่กุประเทศไทย,Bullying
อายุ 25 ก็ไม่ต่าง,Non-Bullying
27 แล้วยังไม่เห็นอนาคต 555,Non-Bullying
นางฟ้าหน้านิ่ง,Non-Bullying
จะ39 แล้ว หมดหวังเหมือนกัน,Non-Bullying
พรุนไปทั้งตัวละพึ่งมาขอโทด,Bullying
ขอโทษยันชาติหน้าก็ไม่หายหรอก แผลท่วมตัวขนาดนี้,Bullying
สำนึกช้าไป55,Bullying
ยังเจ็บอยู่ทุกแผล,Non-Bullying
หลายแผลเหลือเกินนนน,Non-Bullying
ชิวจัดเลยอะ,Non-Bullying
ก็คงงั้น555,Non-Bullying
ชินชา555,Non-Bullying
คือเก่า,Non-Bullying
เรียกข้าว่าขุนศึก,Non-Bullying
แม่งชินไปล่ะ,Non-Bullying
จริง,Non-Bullying
หล่อเท่,Non-Bullying
ครั้งที่100คิดดู,Non-Bullying
บรรลุ,Non-Bullying
ทำไมนึกถึงตัวเองวะ,Non-Bullying
แม่ 5555555,Non-Bullying
ประทับใจซีนนี้เสมอ,Non-Bullying
ใครเอ่ยย,Non-Bullying
ต้องตั้งชื่อเฉพาะให้ทุกตัวละครเลย,Non-Bullying
นึกถึงใครไม่ได้จริงๆ เวลาเจออะไรเเบบนี้,Non-Bullying
ขอประธานก่อนกริยาและกรรม 5555555555555,Non-Bullying
หรอออ,Non-Bullying
คงงั้น,Non-Bullying
อือ,Non-Bullying
คงใช่แหละ,Non-Bullying
อ่อ,Non-Bullying
คงใช่,Non-Bullying
อืม,Non-Bullying
ใช่แหละ,Non-Bullying
ใช่แหละ ถูกต้องที่สุดค่ะ,Non-Bullying
อื้อใช่แหละ,Non-Bullying
คงงั้น,Non-Bullying
คงงั้นล่ะ ชเวอุง,Non-Bullying
คะขอบคุณทีทิ้งกัน,Non-Bullying
ก็ต้องเป็นแบบนั้นอยู่แล้วมั้ย,Non-Bullying
ครับ,Non-Bullying
เหี้ยนะ,Bullying
โคตรเหี้ย,Bullying
หืม คิดแล้วเศร้า,Non-Bullying
แหะ,Non-Bullying
ไม่รู้ดิ,Non-Bullying
แรงมาก,Non-Bullying
ทำดา,Non-Bullying
แรงอะ,Non-Bullying
ช่าย,Non-Bullying
คือสิแม้น,Non-Bullying
เออว่ะ,Non-Bullying
ไม่มีค่าเเต่แรกแล้ว,Bullying
ห๊าาาาาาาาาาาาาาาาาาา,Non-Bullying
ถิ้มคือหมูคือหมานิ,Non-Bullying
แงงงงงง,Non-Bullying
โครตแซ๊ด,Non-Bullying
หึ,Non-Bullying
มู้แง้,Non-Bullying
คงเป็นงั้น,Non-Bullying
เพื่ออะไรวะ!????,Non-Bullying
ตอนไปตรวจนุ่นตรวจนี่ล่ะไม่เคยเจอ ทีนี้ไปเสือกเจอ กุงง,Bullying
หน้าเหมือนลุงพลเลย,Bullying
หาแดรกกับหีคคคคค,Bullying
อย่าให้รู้ว่าชักว่าว,Bullying
เรื่องงี้ เสือกไว อีสัส,Bullying
ขยันกันจี๊งกับหีเนี่ย,Bullying
สาระแนเวอร์,Bullying
สาระแน,Bullying
ตร.ชนคนตายวิ่งปิดข่าวกันวุ่น ตอแหล,Bullying
ละเสือกชอบดู ชอบมีเมียน้อย พวกเวรร,Bullying
ทีไปตรวจกระหรี่ไม่เคยเจอ,Bullying
ยุ่งทุกเรื่อง ยกเว้นเรื่องที่ควรทำ,Bullying
เก่งกับหอย ง่อยกับหวย,Bullying
ค ว ย,Bullying
ควยยยยยยย หัวควยยยยยยยยยยยยยยยย ไอ่ควยยยยยยยยย ไอ่หัวควยยยยย,Bullying
อ้าวแล้วเป็นเหี้ยไรอะ,Bullying
ชนหมอตาย คดีไปถึงไหนแล้วไอ้พวกตะกวด,Bullying
ตำรวจดูเถื่อนทั้งกรม,Bullying
ทำทรงจะจับเค้า แต่แอบชักเว่าดูคลิปเค้า อันนี้ก็ไม่เอา,Bullying
ผลงานมันหอม,Bullying
เสือกอีกละ,Bullying
ขอให้พระลงโทษ พวกมุงอย่างหนัก,Bullying
เสือกเรื่องของเขาอีกละ,Bullying
ทำทีเป็นจับ แต่ก็ดู ดัดจริต,Bullying
โตแล้วเปิดหมดได้,Bullying
สิ้นคิด,Bullying
หน้าไม่ได้อะ,Bullying
เสื่อม,Bullying
ร้องเพลงไม่ดังแก้ผ้าดีกว่า,Bullying
น่าสมเพศจังค่ะ,Bullying
ไม่น่ามอง จะให้ดีกว่านี้ต้องไม่ใส่ดีกว่า,Bullying
ขายเสียงไม่ชนะก็เล่ขายหอยสิ,Bullying
ความสามารถก็มี ความสามารถก็มา แต่ทำตัวราคาถูก,Bullying
ยังเป็นนักศึกษาอยู่เลยโชว์ขนาดนี้แล้วหรอ,Bullying
มึงคงจะคิดว่าดีสินะอีห่า,Bullying
เลือกเดินทางนี้จะไปเป็นกะหรี่รึไง,Bullying
สมงสมองไปหมดแล้วใช่มั้ย,Bullying
น่าเย็ดจัง,Bullying
ผลิตสื่อดีๆแบบนี้ต่อนะครับ FC ครับ,Non-Bullying
สวยครับ,Non-Bullying
ดุมาก,Non-Bullying
คุณกวางงง,Non-Bullying
สงสัยคืนนี้มีทีเด็ด,Non-Bullying
สวยงามมากครับ,Non-Bullying
ตาม OF เรื่อยๆ นะครับ,Non-Bullying
ดาเมจเกินต้านคนจริงๆครับแม่คุ๊ณณณณ,Non-Bullying
โสยยยยย,Non-Bullying
หลงรักคนยิ้มแป้น,Non-Bullying
ที่เด็ดจริงๆเด็กคนนี้,Non-Bullying
แพ้สาวแว่น,Non-Bullying
พระแม่,Non-Bullying
มุแง้,Non-Bullying
แปป เดียวตามไปจราา,Non-Bullying
คือ กีย์ ต๊าซมาก,Non-Bullying
ขาด,Non-Bullying
รอแล้วหนึ่งครับคืนนี้,Non-Bullying
ภาพความทรงจำเมื่อก่อน ยังวนอยู่ในหัว,Non-Bullying
ในonlyfans เด็ดมาก ติดตามตลอดไป,Non-Bullying
เนียนจริงๆครับ,Non-Bullying
เอ็นดูถุงน่อง55555,Non-Bullying
เซ็กซี่มาก,Non-Bullying
รอคลิป,Non-Bullying
คือดีย์ครับ,Non-Bullying
เอฟซีจากใจเลยครับ,Non-Bullying
ใจคอไม่ดีเลย,Non-Bullying
รอเปิดเต็มที่ซักทีแล้วครับ,Non-Bullying
ได้อีก...,Non-Bullying
น่ารักมากไอ่ต้าววว,Non-Bullying
ตามอยู่นะ,Non-Bullying
หลง,Non-Bullying
ทรมานหัวจัย,Non-Bullying
คืนนี้จัดหนัก,Non-Bullying
จร.มาก แบบนี้ ทุเรศ,Bullying
โตมายังไงวะเนี่ย,Bullying
ผช.แย่ๆแบบนี้ไม่เตะก้านคอ ก็บุญละ,Bullying
ศักดิ์ศรีความเป็นผู้ชายหายหมดเพราะไปรังแกผู้หญิง,Bullying
อายแทนเมีย แทนแม่เหลือเกิน ผู้ชายแบบนี้,Bullying
ทุเรศจริงๆ คนรู้จักมันควรอายอ่ะ,Bullying
ผู้ชายแบบนี้? ขยะเน่าๆเลยละ,Bullying
ทุเรศจริงๆผู้ชายแบบนี้ สมควรควรโดน,Bullying
ระยำจริงๆ ผช แบบนี้,Bullying
ผู้ชายแบบนี้ทุเรศว่ะถุยยยย,Bullying
แย่มากๆผู้ชายแบบนี้,Bullying
ทุเรศ น่าจะโดนหนักกว่านี้นะ,Bullying
คตรกระจอก ผู้ชายคนนี้ แบบ หมดคำบรรยาย,Bullying
ขยะฉิบหาย ผช.แบบนี้,Bullying
หน้าตัวเมียรังแกผู้หญิง,Bullying
ขยะเลยละ ผช แบบนี้ ถุย,Bullying
ถ้าฉันเป็นแม่ผู้ชายแบบนี้นะ ฉันจะอายมาก,Bullying
โอ้ยๆๆ ผช.แบบนี้นิสัยโคตรแย่มากๆๆ,Bullying
กระจอกแท้ ผช แบบนี้,Bullying
ผุ้ชายหัวดอ,Bullying
ผช.กากจัด,Bullying
ไม่เอาตีนตบปากก็บุญแล้ว,Bullying
โรคจิตแน่ๆผู้ชายแบบนี้โดนแค่นี้มันน้อยไป,Bullying
หน้าตัวเมียจริงๆผู้ชาย,Bullying
สมควรโดนแล้วละผู้ชายเฮียๆแบบนี้,Bullying
หน้าตัวเมียฉิหายเลย,Bullying
ใครได้เป็นคู่ชีวิต ให้คิดดีๆคะ อย่าเอามาทำพันธุ์,Bullying
ทุเรศ!ผช หมาๆ,Bullying
เสียงแย่จนหมาที่บ้านลุกมาหอนเลย,Bullying
ขอให้พระลงโทษมึงหนักหน่วง เอาค่าเสียเวลาฟังกูคืนมาด้วย,Bullying
เอาเวลามานอนฟังไมค์ทองคำกับยายดีกว่าค่ะ,Bullying
ชอบมากครับ จากใจคนหูหนวก,Non-Bullying
นึกถึงตอนเรียน555,Non-Bullying
เป็นความประสาทแดกของกันและกันตลอดไป 5555555,Bullying
ไม่มีใครครบละนะ,Non-Bullying
ทนนะหญิง,Non-Bullying
คิดถึงนะ,Non-Bullying
คิดถึงแหละ,Non-Bullying
คิดถึง,Non-Bullying
ไม่มีอีกแล้ว,Non-Bullying
แก,Non-Bullying
คนโปรด,Non-Bullying
ถ้าวันนี้มีเธออยู่ด้วยมันก็คงดีเนาะ,Non-Bullying
5ปีแล้วนะ,Non-Bullying
สุดท้ายก็ต้องมีทั้งคนที่ผ่านเข้ามาใหม่และคนที่หล่นหายไปอยู่ดี,Non-Bullying
เราเคยมีความฝัน ความสุขร่วมกันครั้งนึง,Non-Bullying
คิดถึงแกจะตายห่าอยู่แล้ว,Non-Bullying
ทำไมโชคชะตา,Non-Bullying
ยังรอเธออยู่ตรงนี้นะ,Non-Bullying
ต้องขีดเส้นให้เราจากกันด้วย,Non-Bullying
คิดถึงไม่อยากไห้คุณไป,Non-Bullying
คิดถึงน้องป่าว55,Non-Bullying
ฟังแล้วเหงามาก,Non-Bullying
น้องงง5555,Non-Bullying
555 และแล้วก็มีซีนที่คิดไว้เล่นๆ,Non-Bullying
ตรงไหนไม่เหมือนหนู เถียงมาเลยค่ะ,Non-Bullying
อ้าววบงงงงง 5555555,Non-Bullying
นี่ลูกบงค่ะ!!!!,Non-Bullying
ก็แม่ให้บงแล้วนี่คะ ลูกของบงค่ะ,Non-Bullying
บง5555555555,Non-Bullying
รักเด็ก,Non-Bullying
คุณแม่ดีเด่นแห่งปี,Non-Bullying
แม่อย่ามามั่วนะคะ,Non-Bullying
แมวบวกขโมย เท่ากับ ขแมว,Non-Bullying
วีรกรรมใหม่ของบ้านนี้โคตรแย่,Bullying
หลักฐานคาตา,Bullying
ช่วยเลี้ยงหรืออะไรกันแน่,Bullying
โอ้ยยยย ยิ่งโตยิ่งขี้เหล่,Bullying
พี่สาวสวยกว่าแกเยอะเลยว่ะ,Bullying
ทำไมดำจังอะ ไม่ขาวเหมือนพี่เลย,Bullying
โตมาน่าเกลียดแน่ๆ,Bullying
หน้าตาแย่ทั้งบ้าน,Bullying
พ่อหล่อนะ ทำไมลูกเป็นงี้,Bullying
อ้วนขึ้นเยอะเลยนะ,Bullying
อวบระยะสุดท้าย,Bullying
กินนมยีราฟหรอ,Bullying
สูงมากระวังไม่มีคนเอานะ,Bullying
คนหรือเสาไฟฟ้าอ่า,Bullying
พี่ดูเป็นสโนว์ไวท์ ส่วนแกคนแคระ,Bullying
คิดว่าสวยมากปะเนี่ย,Bullying
ผอมกว่านี้เริ่ดแน่ๆ,Bullying
โง่จังวะ,Bullying
กินปลาเยอะๆนะเผื่อจะฉลาดขึ้น,Bullying
พ่อแม่ไม่สั่งสอน,Bullying
นี่ล่ะที่มาของคำว่ามีลูกเมื่อพร้อม,Bullying
คนเราสมัยนี้โคตรเห็นแก่ตัว,Bullying
น่าโง่,Bullying
"สมอง84,000เซลล์",Bullying
เด็กประถมยังดูฉลาดกว่าเลย,Bullying
โชว์โง่เก่งจัง,Bullying
ไม่ใครให้โง่กว่านี้มั้ยคะ,Bullying
ปัญญาอ่อนไม่เลิกนะมึงอะ,Bullying
โง่มากก็ไปกินหญ้าแทนควายซะนะ,Bullying
โอนโลด,Non-Bullying
ขอบคุณที่ทำให้มีเสียงหัวเราะ,Non-Bullying
แวบแรกเชฟเอียน,Non-Bullying
เปรี้ยวเยี่ยวแตก สับมากคะแม่,Non-Bullying
มาทุกแบงค์5555555,Non-Bullying
ครบครันใน!!พาวเวอร์พัฟ 4,Non-Bullying
โอ้ยย ยายข่อยหัว,Non-Bullying
ไม่เผื่อให้ใครเลยแม่เหมาทุกแบงค์,Non-Bullying
ขอกรุงศรีด้วยค่ะ,Non-Bullying
แถมธนาคารเพื่อการเกษตรและสหกรณ์ให้อีก 1 ค่ะ 5555,Non-Bullying
เหมือนทุกอย่างยกเว้นตัวเอง55,Non-Bullying
สวยจนสาวแบงก์?อายอ่ะ,Non-Bullying
ก็ไม่ติดนะ,Non-Bullying
เกือบครบทุกธนาคารละแม่,Non-Bullying
นี่จ้าา อีก1,Non-Bullying
ครบทุกสี55555,Non-Bullying
ชอบกสิกรสุด,Non-Bullying
สีเขียวเหมือน ธกส มากกว่านะครับ,Non-Bullying
ชอบรูปนี้ 55555,Non-Bullying
ปวดหัวมากนะ55555,Non-Bullying
เป็นทุกอย่างยกเว้นตัวเอง5565556655,Non-Bullying
ขอที่คาดผมด่วน? ชั้นปวดหัว? 555555555,Non-Bullying
ไม่เหมือน กสิกรครับ เหมือนผงคลอโรฟิลล์,Non-Bullying
การผสมผสานอย่างลงตัวของสาวแบงค์,Non-Bullying
5555555555555 ก็มีมันทุกธนาคารไปเลยสิ,Non-Bullying
ธกส.อีกค่ะแม่ สีเขียว-ขาว5555,Non-Bullying
ครบทุกธนาคารรึยังคะ,Non-Bullying
ขาด ธนาคารนะยาย,Non-Bullying
ขำไม่ไหว,Non-Bullying
รวมดาวสาวแบงค์,Non-Bullying
ธกส.ดูทำงานหนักนะคะ 55555,Non-Bullying
ใครเปนคนคิด...5555,Non-Bullying
กรุงศรีค่ะ,Non-Bullying
ชุดสีม่วงใช่เชฟเอียนป่าว,Non-Bullying
มีครบทุกธนาคารเลยครับ 5555,Non-Bullying
มาครบทุกธนาคาร เลย 55555,Non-Bullying
พร้อมมากกกก,Non-Bullying
คนสวยชอบแกงตัวเองมากแม่,Non-Bullying
หาทำมาก แต่ชอบ5555,Non-Bullying
ครบมาก,Non-Bullying
ชอบมาก55555,Non-Bullying
ทุกธนาคารจริงๆค่ะ,Non-Bullying
ครบมาก5555,Non-Bullying
ธนาคารทหารไทยมารายงานตัวครัช,Non-Bullying
กรุงศรีมาจร้าา,Non-Bullying
ขอบคุณที่ทำให้ขำได้ทุกวันค่ะ,Non-Bullying
ธนาคารกรุงศรีไม่พอใจสิ่งนี้,Non-Bullying
กรุงศรีน้อยใจแล้ว1,Non-Bullying
ห้างทองยินดีต้อนรับสวัสดีค่ะ,Non-Bullying
ธกส.มาแน่555555,Non-Bullying
หัวบ่คืน555,Non-Bullying
แมส55555,Non-Bullying
ขอวาปกู้เงิน?หน่อยค่ะธนาคาร?5555,Non-Bullying
ครบทุกสี55555,Non-Bullying
แบบใหม่แบบสับ5555,Non-Bullying
พร้อมมาก 555,Non-Bullying
สุดยอดคะ สวย น่ารัก,Non-Bullying
สูๆๆๆๆแกงตัวเองกันกะได้เนาะ555555,Non-Bullying
โอ้ยยยยย 555555,Non-Bullying
รักมากกกกกก,Non-Bullying
อย่างชอบเลย555,Non-Bullying
ปังมากทุกธนาคาร555555,Non-Bullying
เริศมากแม่,Non-Bullying
หาทำมากก55555,Non-Bullying
เหมาทุกธนาคาร 555,Non-Bullying
สรรหาจะทำน้อ.. กุละขรรมไม่ทัน,Non-Bullying
ครบวงจรมากแม่,Non-Bullying
ขาดสีเหลืองค่ะยาย,Non-Bullying
มาครบ55555,Non-Bullying
555 หาทำมาก,Non-Bullying
ครอบคลุมทุกธนาคาร,Non-Bullying
เอาเงินมายืมหน่อยค่า555,Non-Bullying
หนูชอบบบบบบ55555,Non-Bullying
ทำไมเขียวๆถึงนึกถึงธกส.,Non-Bullying
มาครบทุกสี,Non-Bullying
พร้อมมาก555,Non-Bullying
สีเขียวในติ๊กต๊อก เค้าให้เป็น ธกส.ขอกู้กันสนุกเลย 5555,Non-Bullying
ยายยยยย #แล้วเหมือนมาก,Non-Bullying
โอ๊ยยยยสู55555,Non-Bullying
ธ.บอก เทเลทับบี้อ่ะได้อยู่,Non-Bullying
ครบ!!!!,Non-Bullying
เป็นทุกแบงค์5555555555555,Non-Bullying
หาทำมาก5555,Non-Bullying
แกงมากก,Non-Bullying
น่ารัก 555,Non-Bullying
แก๊งนี้เค้าปังจริงๆรจริง 555555,Non-Bullying
ให้บริการดีทุกธนาคารเลยคะ,Non-Bullying
ตลกอะ ขอบคุณที่สร้างรอยยิ้มให้นะคะ,Non-Bullying
55555555คุ้มเว้ออ,Non-Bullying
อีกไม่นานเดี๋ยวก็เข้าา..5555,Non-Bullying
55555แต่ละอย่างข่อยหัวจนท้องแข็ง,Non-Bullying
คือคักค่า,Non-Bullying
แกงมากกก5555,Non-Bullying
ทุกแบงค์ทุกสีจริงๆ,Non-Bullying
รอขายกรุงศรีแน่ๆ,Non-Bullying
ธนาคารธนชาตละแม่,Non-Bullying
สับมากแม่ เข้าทุกแบงค์เลย 555555,Non-Bullying
หาทำมาก8365355,Non-Bullying
มีทุกอัน ยกเว้นตัง หมายถึงตัวเอง,Non-Bullying
พ่อเทิด,Non-Bullying
หาทำมากแม่,Non-Bullying
ฉันรักเทอ ลอเลน,Non-Bullying
กรุงไทยชัดเจนมาก 555555,Non-Bullying
เริ่มเลยค่ะยาย5555,Non-Bullying
ร่วมด้วยค่ะๆ55555,Non-Bullying
เหลือกรุงศรี พน จัดเลยค้าา,Non-Bullying
เชฟเอียน มาอยู่แก๊งนี้ตั่งแต่เมื่อไหร่ครับ,Non-Bullying
ได้หัวกะย่อนหมู่เจ้าหนี้ละ,Non-Bullying
ยอมมมมมใจ55555,Non-Bullying
ขำนานมาก53535362,Non-Bullying
5555555 ผมรักพวกพี่มากเลย,Non-Bullying
เป็นให้เธอทุกอย่างเเล้ว5555,Non-Bullying
ย้ำนะคะ อยู่ฝ่ายสินเชื่อ ค่ะ,Non-Bullying
มีแผนการเงินซะด้วย อย่าลืมเงินติดล้อนะคะ,Non-Bullying
สวยครบ จบในที่เดียวคะ 555,Non-Bullying
รับบทสาวธนาคารละ1,Non-Bullying
รอเรนโดนแกงงงง55555555,Non-Bullying
สวยครบจบในที่เดียว5555,Non-Bullying
ขาดธนาคารกรุงศรีอยุธยานะคะ,Non-Bullying
เริ่มตั้งแต่วันนี้เลยนะ,Non-Bullying
สิบแก้วก็ไม่หวั่น!!!,Non-Bullying
เมื่อเช้าเริ่มแก้วที่ 1ไปแล้วค่ะครู,Non-Bullying
รักเลย. ครูเพ็ญ,Non-Bullying
แกอ้วนจนจะเป็นเบาหวานแล้วค่ะ,Bullying
ไม่เกิน8วันเห็นผลค่ะ,Non-Bullying
ไปตรวจเบาหวานด่วนๆค่ะ,Bullying
ไม่เป็นไร?นะ?คะ?คนเก่ง,Non-Bullying
มีเราอยู่ตรงนี้นะ,Non-Bullying
ว้าว..นายนี่มัน,Non-Bullying
หวังว่ามันจะเป็นแบบนั้นสักวัน:,Non-Bullying
มีชีวิตอยู่ต่อไปเถอะครับ ดูรกโลกดี,Bullying
ตอนสัมภาษณ์พูดดี,Non-Bullying
มันไม่แน่หรอก5555,Non-Bullying
ไปลาออกกัน,Non-Bullying
ขอบคุณกำลังใจจากพวกมึงนะค้าบ5555,Non-Bullying
กอดหน่อย ไม่ไหวแล้วอ๊ากกกก,Non-Bullying
ยังไม่ได้เลี้ยงชาบูเลย ถ้าออกนี้ไม่เลี้ยงได้ป่ะ,Non-Bullying
นี่แหละที่กำลังเป็น,Non-Bullying
หน้ามึงลอยขึ้นมา55555,Non-Bullying
เลิศค่ะชอบนโยบายนี้,Non-Bullying
เพื่อเด็กๆอนาคตชาติไทยเรา,Non-Bullying
ดีค่ะ รีบเรียนจบรีบไปหางานได้หาประสบการณ์,Non-Bullying
อันนี้จริงมาก สนับสนุน,Non-Bullying
สนับสนุนครับ มันควรจะเป็นแบบนี้ในทุกครอบครัวที่มีรายได้น้อย,Non-Bullying
บางคนเรียนดีแต่ไม่มีโอกาส นโยบายนี้ดีมากเลยค่ะ,Non-Bullying
ผมสนับสนุนครับ,Non-Bullying
ดีมากๆเลยครับจากเด็กที่เรียนอยู่อย่างผมขัดสนมากๆเลยครับ,Non-Bullying
สนับสนุนคะ การศึกษา ควรเป็นธรรมกับทุกฝ่าย,Non-Bullying
สนับสนุนครับ,Non-Bullying
ขั้นต่ำ ม.3 ยังฟรีทิพย์อยู่เลย,Non-Bullying
อยากได้หลักสูตรแบบ สาธิตธรรมศาสตร์อะครับ,Non-Bullying
สนับสนุนค่ะ..ถ้าทำได้จริงจะยินดีมาก,Non-Bullying
เยี่ยมครับ,Non-Bullying
รักนะ ไทยสร้างไทยให้แข็งแรง,Non-Bullying
สนับสนุนค่ะ นี่คือสิ่งที่ต้องการ,Non-Bullying
แม่เลิศมากค่ะ,Non-Bullying
ขอให้ทำจริงตามนโยบาย พร้อมสนับสนุนครับ,Non-Bullying
ได้จริงๆคือปังมากกกก,Non-Bullying
ผมสนับสนุนครับ,Non-Bullying
สุดยอดมากค่ะแม่,Non-Bullying
ตำแหน่งว่างเลยคะ,Non-Bullying
สาวออมสิน รอห้างเปิด,Non-Bullying
โอ้ย!!!!แม่,Non-Bullying
โอ้ยยย ..หัวจะปวด แต่ละแคป,Non-Bullying
โครงการเข้าแล้วครึ่ง,Non-Bullying
แม่....,Non-Bullying
โอ้ยยยแม่,Non-Bullying
อันนี้ได้5555555,Non-Bullying
อย่าหาลงทะเบียนนะแม่,Non-Bullying
เข้าแค่หัวก็เรียกผัวได้แล้วนะแม่,Non-Bullying
บริการแย่มากค่ะ,Non-Bullying
โครงการอะไรครับเนี่ย,Non-Bullying
โอ้ยยยยย5555+,Non-Bullying
โอ้ยแม่,Non-Bullying
ยังไม่มีนโยบายค่ะ,Non-Bullying
ตลอดไป,Non-Bullying
ได้นะแม่55555,Non-Bullying
ท้องหรอคะ พุงห้อยเชียว,Bullying
หมายถึงเครื่องบิน 55+,Non-Bullying
โอ้ยแม่โครงการนี้น่ากล้วมาก,Non-Bullying
จะกลับตัวก็ไม่ได้ใช่มั้ยแม่ 5555,Non-Bullying
ไม่ได้มั้ยแม่ 5555,Non-Bullying
เข้าแล้วออกยากนะ,Non-Bullying
ครึ่งลำพ้ะนะ55555,Non-Bullying
หน้าเชี้ยมาก,Bullying
หน้าเทาดีค่ะ เหมือนปูนเลย,Bullying
สมแล้วค่ะที่เป็นสก๊อย,Bullying
มองยังไงก็สก๊อยอ่า,Bullying
ก็งี้แหละ สก๊อยอัปเกรด,Bullying
หน้าเทา ปากแดง ดูยังไงก็สก๊อย,Bullying
สก๊อยชัดๆ,Bullying
คืนนี้แว้นไหนคับน้องสาว,Bullying
มีรอยท่อดาดนี่ใช่เลยนะ,Bullying
ไม่มีพ่อแม่สั่งสอนก็งี้แหละ,Bullying
ปากดีจังวะ แดกหมามาหรอ,Bullying
สมควรไปตายได้แล้วนะ,Bullying
อยู่ไปทำไม หมายังดูดีกว่าเลย,Bullying
โห อ้วนเกินไปปะคะเนี่ย,Bullying
เห็นหน้าแล้วหมดอารมณ์เลยว่ะ,Bullying
ใครจะไปอยากเอาคนหน้าเหี้ยเป็นแฟน,Bullying
มึงคงคิดว่าตัวเองจะสวยมากสินะ,Bullying
หน้าโง่แล้วเลิกโง่เหมือนหน้าได้ปะ,Bullying
ไอควาย ไอโง่,Bullying
ไอกระจอก ทุเรส หน้าหมา,Bullying
อ้วนจ้ำม่ำมาก ระวังไม่มีคนเอาเป็นแฟนน้า,Bullying
ดำเพราะกรรมพันธุ์แก้ไม่หายหรอก,Bullying
ให้ตายยังไงก็คงไม่ขาวแล้วล่ะ,Bullying
คนหรือหลักกิโลเนี่ย เตี้ยตันดีจัง55555,Bullying
โหน้อง คิดว่าเท่มากป่าว,Bullying
กากเดนมนุษย์จริงๆมึงอะ,Bullying
ไอเหี้ย,Bullying
ไอขี้กียจ สันหลังยาว,Bullying
ทำตัวไร้ค่า,Bullying
ควยยยยยยย,Bullying
ไอเด็กเปรต,Bullying
หน้าหี,Bullying
เอาแต่ ไร้ประโยชน์,Bullying
จะเรียนจบมั้ยมึง,Bullying
เหนื่อยใจว่ะ ให้กูพูดซ้ำๆอยู่ได้,Bullying
ไอเรื่องมาก ปัญญาอ่อน สลิ่ม,Bullying
สันขวานเอ้ยย,Bullying
ไอพวกนอกรีด ไม่ใช่มนุษย์,Bullying
มึงมันเหี้ย รู้ตัวบ้างมั้ย,Bullying
หยุดทำเหี้ยกะคนอื่นได้แล้ว,Bullying
ไอแมน ไอเหี้ย,Bullying
นมหรือหัวเด็กเนี่ย น่ากลัวชิบหาย,Bullying
เดี๋ยวกูจะซัดหน้ามึง,Bullying
เดี๋ยวมึงได้หลับไม่ตื่น5วัน,Bullying
เดี๋ยวกูจะไปเผาบ้านมึงคนขับรถเหี้ยๆเนี่ย,Bullying
ไอเตี้ยหมาตื่น,Bullying
ไอคนทักมาละเขาไม่สนใจยังทักมาเรื่อยๆไปควาย,Bullying
พี่กัน ไอสัส,Bullying
ไอพวกที่บอกว่าไม่มีอะไรแต่จริงๆแล้วมีโคตรแย่,Bullying
ไร้ประโยชน์ชิบหายเลย,Bullying
พ่อมึงตาย,Bullying
โง่จริงมึง,Bullying
ไม่เข้าจเหี้ยไรเลย โง่ชิบหาย,Bullying
ฉลาดทุกเรื่อง ยกเว้นเรื่องที่ควรรู้,Bullying
ไม้เสียบ กินข้าวบ้างนะ,Bullying
กินข้าวเหมือนแมวดมเลย,Bullying
หนอนใต้ตีน,Bullying
ไม่เจอกันนานสิวเยอะขึ้นปะเนี่ย,Bullying
นมเท่าเดิมเลยปะเนี่ย,Bullying
เล่นเกมกาก,Bullying
ไม่หัดเรียนรู้อะไรเลย,Bullying
หัดเรียนรู้เรื่องอื่นบ้าง,Bullying
เลิกตอแหล รำคาญ,Bullying
สดใสจริงๆด้วย น่ารักทุกคนเลยค่ะ,Non-Bullying
ชุดรอเรนคือดี CF,Non-Bullying
คือเลิศ,Non-Bullying
สวยสดใสน่ารักกันทุกๆคนเลยค่ะ,Non-Bullying
หล่อทุกคนเลยคะ,Non-Bullying
รัก,Non-Bullying
หลงรักพวกเทออ,Non-Bullying
ร๊ากกกก,Non-Bullying
หนุ่มแว่นเสื้อขาวหล่อฮะ,Non-Bullying
แล้วถ้ายามร้อนหละ,Non-Bullying
แมนๆๆอะนะ,Non-Bullying
ไอเลิฟฟ,Non-Bullying
แม่แม่นมาก,Non-Bullying
รักกกก,Non-Bullying
คบแก๊ง,Non-Bullying
สดใสมากค้า,Non-Bullying
ห้าวเหมือนกันนะเนี่ย,Non-Bullying
นึกว่ายักษ์เหยียบนา,Non-Bullying
หล่อเบิ่ดเลย,Non-Bullying
เป็นยามเย็นที่แดดเปรี้ยงสุด,Non-Bullying
ขอ cf เสื้อลายเสือ เลิกใส่แบ้วบอกน๊ะ,Non-Bullying
มีตะคนหล่อๆเลยยาย,Non-Bullying
พี่หนุ่มพิกัดกุงเกงกับเสื้ออออด้วย,Non-Bullying
ตีนยาวเหมือน..... เลยพี่,Non-Bullying
เอฟซีค่ะ,Non-Bullying
พี่เต้พ้อยเท้าแรงสุด 55555,Non-Bullying
บอยบอย,Non-Bullying
พี่โอ๊ตปราโมทย์ไปด้วยเหรอคะ,Non-Bullying
พี่เดินเร็วมากค่า จะขอถ่ายรูปที่สยามเซ็นเตอร์ไม่ทันง่า,Non-Bullying
ฉันมูฟออนจากเพลงนี้บ่ได้ !!,Non-Bullying
ยายต้องเต้นเด้าลมประกอบเพลงนี้ด้วยค่ะ,Non-Bullying
ชุดโกโกวา,Non-Bullying
คนนี้ใช่คนในรูปมั้ยคะ,Non-Bullying
ตามหาคนในรูปฮ่ะ 555,Non-Bullying
5555+ ยายย,Non-Bullying
ให้อภัยคุณพ่อได้ค่ะ,Non-Bullying
ปังมากแม่55555,Non-Bullying
นิมนต์กลับวัดคะหลวงตา,Non-Bullying
นิมนต์ค่ะ หลวงพ่อ,Non-Bullying
หวาน,Non-Bullying
แบบขวาก็อยู่กับผู้ได้นะลูกหมู เอาไว้ยั่วๆหลังตื่นนอนไง แบบว่าเสื้อผ้ายับ,Non-Bullying
อ่ออออ บทบาทที่ได้รับ,Non-Bullying
กะ2บุคลิกไปเลอ,Non-Bullying
แรงอยู่น้าา,Non-Bullying
ขอเวลาอยู่กับลูกเพจด้วยค่ะ,Non-Bullying
มันก็กางเกงตัวเดิมนะ.แต่ให้อารมณ์ต่างกัน,Non-Bullying
ถ้าอยู่พร้อมกันล่ะแม่จะทำยังไง55,Non-Bullying
เวลาอยู่กับเพื่อนเป็นแบบด้านซ้ายได้ไหมคะ,Non-Bullying
เป็นทุกอย่างแล้วแต่ผู้ชายบอกไม่ชอบคนบ้า 555,Non-Bullying
และตำแหน่งนางงามจักรยาน2022คนล่าสุด!!,Non-Bullying
ขาวกระจ่างใส พรีเซ็นเตอร์โลออนต้องเข้าแล้ว,Non-Bullying
แม่คะวิกติดล้อค่ะ66635555,Non-Bullying
แข็งแรงมากแม่,Non-Bullying
สวยเริ่ดมากแม่555,Non-Bullying
ไม่แผ่วจิงๆแม่ๆๆๆๆ,Non-Bullying
ล้อเกี่ยวผมแล้วค่ะยาย 55,Non-Bullying
สวยถึกเเละบึกบึนมากค่ะ,Non-Bullying
แกคือแกร่งแท้ยาย,Non-Bullying
แรงคนหรือแรงช้างคะยาย555,Non-Bullying
ไม่เคยทำให้ผิดหวัง,Non-Bullying
เลีร์ค่ะแม่,Non-Bullying
สวยแบบสตรีเหล็กค่ะแม่,Non-Bullying
แข็งแรงมากแม่ 555,Non-Bullying
คิมิโน๊ะโต๊ะ,Non-Bullying
แบ้วมากค่ะยาย5555,Non-Bullying
น่ารักก็พอเเล้วป่ะ555,Non-Bullying
